blank,strain,all,one,tenth
,b.1.429,1059,13993,835
,b.1.526,1059,15096,913
,b.1.1.7,3267,313,174
,p.1,3828,7540,408
,b.1.351,5230,4543,313
,b.1.1.7,5388,445,186
,p.1,5648,7767,445
,b.1.1.7,6954,913,187
,b.1.526,9867,15279,920
,b.1.429,12878,14805,904
,b.1.429,14408,14408,872
,b.1.526,14408,15324,922
,b.1.526,16500,15598,936
,b.1.429,17014,13536,833
,b.1.429,21600,11396,823
,p.1,21614,8047,490
,p.1,21621,8083,527
,p.1,21638,8603,556
,b.1.351,21801,5388,335
,b.1.526,21846,15766,1057
,p.1,21974,8782,583
,b.1.429,22018,11497,829
,p.1,22132,9286,593
,b.1.351,22299,5629,337
,b.1.526,22320,16176,1059
,p.1,22812,9526,625
,b.1.351,22813,5986,346
,b.1.429,22917,12988,832
,b.1.351,23012,6954,379
,p.1,23012,9745,683
,b.1.1.7,23063,1059,189
,b.1.351,23063,6941,376
,p.1,23063,10097,690
,b.1.1.7,23271,1163,199
,b.1.526,23403,16242,1060
,p.1,23525,10319,695
,b.1.1.7,23604,2395,201
,b.1.351,23664,6286,374
,b.1.1.7,23709,2416,203
,b.1.1.7,24506,2453,204
,p.1,24642,10323,696
,b.1.1.7,24914,2509,207
,b.1.526,25517,16647,1102
,b.1.429,25563,14676,882
,b.1.526,25563,16889,1163
,p.1,25912,10376,745
,b.1.351,26456,4002,245
,b.1.526,27925,17014,1170
,b.1.1.7,27972,3037,210
,b.1.1.7,28048,3177,219
,b.1.1.7,28111,3267,222
,p.1,28167,10870,761
,b.1.1.7,28280,204,66
,b.1.1.8,28281,222,100
,b.1.1.9,28282,241,106
,p.1,28512,11083,772
,b.1.351,28887,4346,274
,b.1.429,28887,14708,884
,b.1.1.7,28977,3602,241
,,,17019,1171
,,,17104,1181
,,,17615,1190
,,,18028,1191
,,,18167,1210
,,,18424,1218
,,,18555,1288
,,,18877,1302
,,,19718,1342
,,,19839,1344
,,,20268,1347
,,,20451,1348
,,,20661,1358
,,,21255,1380
,,,21304,1385
,,,21518,1387
,,,21575,1392
,,,21600,1397
,,,21614,1419
,,,21855,1420
,,,22018,1427
,,,22227,1437
,,,22346,1440
,,,22444,1457
,,,22879,1464
,,,22917,1482
,,,22992,1513
,,,23063,1514
,,,23271,1576
,,,23401,1578
,,,23403,1593
,,,23593,1594
,,,23604,1627
,,,23709,1643
,,,23731,1684
,,,24334,1722
,,,24506,1738
,,,24910,1758
,,,24914,1812
,,,25437,1820
,,,25505,1884
,,,25563,1887
,,,25710,1912
,,,25906,1913
,,,25907,1927
,,,25996,1936
,,,26060,1942
,,,26144,1943
,,,26681,1947
,,,26735,1968
,,,26801,1987
,,,26876,2035
,,,26972,2062
,,,27800,2086
,,,27944,2110
,,,27964,2113
,,,27972,2143
,,,28048,2144
,,,28087,2189
,,,28095,2232
,,,28111,2258
,,,28144,2282
,,,28253,2306
,,,28272,2334
,,,28280,2342
,,,28281,2388
,,,28282,2395
,,,28472,2416
,,,28651,2445
,,,28725,2447
,,,28854,2453
,,,28869,2455
,,,28881,2473
,,,28882,2480
,,,28883,2485
,,,28887,2509
,,,28932,2510
,,,28975,2516
,,,28977,2523
,,,29366,2528
,,,29386,2536
,,,29399,2558
,,,29402,2597
,,,29645,2659
,,,29692,2668
,,,29734,2692
,,,,2695
,,,,2698
,,,,2706
,,,,2710
,,,,2836
,,,,2841
,,,,2869
,,,,2891
,,,,2910
,,,,2973
,,,,3004
,,,,3037
,,,,3045
,,,,3096
,,,,3099
,,,,3114
,,,,3140
,,,,3176
,,,,3177
,,,,3231
,,,,3239
,,,,3242
,,,,3251
,,,,3256
,,,,3259
,,,,3261
,,,,3267
,,,,3311
,,,,3330
,,,,3373
,,,,3397
,,,,3405
,,,,3411
,,,,3431
,,,,3592
,,,,3602
,,,,3619
,,,,3638
,,,,3653
,,,,3692
,,,,3695
,,,,3737
,,,,3738
,,,,3743
,,,,3768
,,,,3773
,,,,3783
,,,,3784
,,,,3787
,,,,3811
,,,,3817
,,,,3828
,,,,3871
,,,,3874
,,,,3885
,,,,3931
,,,,4002
,,,,4006
,,,,4040
,,,,4084
,,,,4113
,,,,4136
,,,,4158
,,,,4180
,,,,4195
,,,,4201
,,,,4206
,,,,4207
,,,,4226
,,,,4255
,,,,4276
,,,,4291
,,,,4300
,,,,4320
,,,,4331
,,,,4336
,,,,4346
,,,,4399
,,,,4444
,,,,4455
,,,,4456
,,,,4510
,,,,4540
,,,,4543
,,,,4551
,,,,4573
,,,,4582
,,,,4586
,,,,4683
,,,,4890
,,,,4891
,,,,4893
,,,,4913
,,,,4917
,,,,4927
,,,,4960
,,,,4964
,,,,4965
,,,,4984
,,,,4999
,,,,5011
,,,,5025
,,,,5055
,,,,5140
,,,,5144
,,,,5170
,,,,5173
,,,,5175
,,,,5183
,,,,5184
,,,,5230
,,,,5239
,,,,5250
,,,,5284
,,,,5310
,,,,5339
,,,,5365
,,,,5388
,,,,5462
,,,,5463
,,,,5497
,,,,5507
,,,,5512
,,,,5526
,,,,5572
,,,,5575
,,,,5622
,,,,5629
,,,,5654
,,,,5672
,,,,5700
,,,,5730
,,,,5747
,,,,5806
,,,,5812
,,,,5826
,,,,5849
,,,,5869
,,,,5884
,,,,5907
,,,,5944
,,,,5949
,,,,5950
,,,,5986
,,,,6023
,,,,6026
,,,,6027
,,,,6031
,,,,6040
,,,,6052
,,,,6070
,,,,6080
,,,,6145
,,,,6196
,,,,6235
,,,,6255
,,,,6285
,,,,6286
,,,,6310
,,,,6312
,,,,6317
,,,,6319
,,,,6336
,,,,6352
,,,,6380
,,,,6401
,,,,6402
,,,,6404
,,,,6433
,,,,6441
,,,,6445
,,,,6449
,,,,6525
,,,,6539
,,,,6541
,,,,6543
,,,,6555
,,,,6573
,,,,6579
,,,,6592
,,,,6606
,,,,6613
,,,,6618
,,,,6633
,,,,6636
,,,,6638
,,,,6701
,,,,6706
,,,,6730
,,,,6781
,,,,6796
,,,,6807
,,,,6865
,,,,6896
,,,,6936
,,,,6941
,,,,6954
,,,,6968
,,,,6990
,,,,7011
,,,,7042
,,,,7044
,,,,7086
,,,,7097
,,,,7153
,,,,7162
,,,,7165
,,,,7224
,,,,7267
,,,,7279
,,,,7303
,,,,7321
,,,,7334
,,,,7348
,,,,7393
,,,,7420
,,,,7482
,,,,7504
,,,,7528
,,,,7540
,,,,7543
,,,,7564
,,,,7600
,,,,7675
,,,,7728
,,,,7735
,,,,7764
,,,,7765
,,,,7767
,,,,7798
,,,,7831
,,,,7833
,,,,7834
,,,,7837
,,,,7844
,,,,7851
,,,,7869
,,,,7926
,,,,7936
,,,,7945
,,,,7984
,,,,8016
,,,,8017
,,,,8027
,,,,8031
,,,,8041
,,,,8047
,,,,8076
,,,,8083
,,,,8092
,,,,8139
,,,,8140
,,,,8179
,,,,8208
,,,,8264
,,,,8290
,,,,8293
,,,,8299
,,,,8318
,,,,8327
,,,,8353
,,,,8371
,,,,8389
,,,,8512
,,,,8603
,,,,8653
,,,,8655
,,,,8683
,,,,8782
,,,,8872
,,,,8917
,,,,8947
,,,,8950
,,,,8964
,,,,8983
,,,,9037
,,,,9085
,,,,9120
,,,,9130
,,,,9151
,,,,9165
,,,,9204
,,,,9207
,,,,9223
,,,,9246
,,,,9286
,,,,9289
,,,,9300
,,,,9319
,,,,9344
,,,,9389
,,,,9409
,,,,9430
,,,,9433
,,,,9438
,,,,9474
,,,,9477
,,,,9479
,,,,9521
,,,,9526
,,,,9532
,,,,9541
,,,,9559
,,,,9561
,,,,9565
,,,,9693
,,,,9712
,,,,9724
,,,,9738
,,,,9742
,,,,9745
,,,,9802
,,,,9803
,,,,9805
,,,,9857
,,,,9867
,,,,9891
,,,,9924
,,,,9928
,,,,9967
,,,,9979
,,,,9996
,,,,10029
,,,,10030
,,,,10078
,,,,10097
,,,,10108
,,,,10138
,,,,10156
,,,,10188
,,,,10193
,,,,10195
,,,,10228
,,,,10252
,,,,10253
,,,,10265
,,,,10279
,,,,10301
,,,,10319
,,,,10323
,,,,10341
,,,,10369
,,,,10376
,,,,10377
,,,,10396
,,,,10448
,,,,10449
,,,,10450
,,,,10456
,,,,10507
,,,,10525
,,,,10537
,,,,10582
,,,,10594
,,,,10615
,,,,10626
,,,,10641
,,,,10667
,,,,10688
,,,,10702
,,,,10741
,,,,10747
,,,,10789
,,,,10793
,,,,10798
,,,,10802
,,,,10833
,,,,10868
,,,,10870
,,,,10948
,,,,10954
,,,,10969
,,,,10977
,,,,10978
,,,,10996
,,,,11008
,,,,11020
,,,,11074
,,,,11083
,,,,11109
,,,,11117
,,,,11124
,,,,11132
,,,,11152
,,,,11195
,,,,11200
,,,,11222
,,,,11224
,,,,11230
,,,,11296
,,,,11379
,,,,11396
,,,,11401
,,,,11417
,,,,11451
,,,,11455
,,,,11494
,,,,11497
,,,,11507
,,,,11514
,,,,11521
,,,,11533
,,,,11557
,,,,11572
,,,,11575
,,,,11591
,,,,11595
,,,,11620
,,,,11653
,,,,11674
,,,,11704
,,,,11747
,,,,11750
,,,,11758
,,,,11776
,,,,11781
,,,,11782
,,,,11812
,,,,11824
,,,,11851
,,,,11866
,,,,11916
,,,,11941
,,,,11956
,,,,11962
,,,,11991
,,,,12025
,,,,12049
,,,,12053
,,,,12067
,,,,12068
,,,,12070
,,,,12076
,,,,12100
,,,,12115
,,,,12119
,,,,12121
,,,,12134
,,,,12141
,,,,12162
,,,,12191
,,,,12242
,,,,12295
,,,,12357
,,,,12388
,,,,12400
,,,,12410
,,,,12439
,,,,12455
,,,,12459
,,,,12473
,,,,12484
,,,,12488
,,,,12513
,,,,12514
,,,,12525
,,,,12534
,,,,12733
,,,,12778
,,,,12781
,,,,12789
,,,,12809
,,,,12850
,,,,12865
,,,,12878
,,,,12880
,,,,12964
,,,,12970
,,,,12988
,,,,13019
,,,,13059
,,,,13115
,,,,13119
,,,,13197
,,,,13201
,,,,13216
,,,,13329
,,,,13335
,,,,13458
,,,,13459
,,,,13487
,,,,13517
,,,,13536
,,,,13551
,,,,13620
,,,,13665
,,,,13667
,,,,13671
,,,,13712
,,,,13713
,,,,13730
,,,,13860
,,,,13862
,,,,13887
,,,,13975
,,,,13993
,,,,13994
,,,,14055
,,,,14118
,,,,14120
,,,,14178
,,,,14184
,,,,14187
,,,,14191
,,,,14202
,,,,14220
,,,,14222
,,,,14230
,,,,14313
,,,,14318
,,,,14407
,,,,14408
,,,,14478
,,,,14599
,,,,14625
,,,,14672
,,,,14676
,,,,14697
,,,,14708
,,,,14724
,,,,14786
,,,,14805
,,,,14925
,,,,14937
,,,,15026
,,,,15096
,,,,15237
,,,,15240
,,,,15276
,,,,15279
,,,,15324
,,,,15352
,,,,15380
,,,,15406
,,,,15438
,,,,15477
,,,,15480
,,,,15540
,,,,15543
,,,,15579
,,,,15594
,,,,15598
,,,,15652
,,,,15654
,,,,15656
,,,,15720
,,,,15738
,,,,15753
,,,,15763
,,,,15766
,,,,15810
,,,,15848
,,,,15906
,,,,15933
,,,,15952
,,,,15957
,,,,15960
,,,,15972
,,,,16044
,,,,16085
,,,,16092
,,,,16111
,,,,16173
,,,,16176
,,,,16242
,,,,16260
,,,,16289
,,,,16293
,,,,16308
,,,,16323
,,,,16362
,,,,16376
,,,,16377
,,,,16393
,,,,16394
,,,,16425
,,,,16428
,,,,16456
,,,,16468
,,,,16500
,,,,16575
,,,,16616
,,,,16647
,,,,16650
,,,,16694
,,,,16741
,,,,16748
,,,,16795
,,,,16806
,,,,16887
,,,,16889
,,,,16968
,,,,17004
,,,,17010
,,,,17014
,,,,17019
,,,,17058
,,,,17104
,,,,17122
,,,,17125
,,,,17247
,,,,17259
,,,,17278
,,,,17304
,,,,17334
,,,,17337
,,,,17410
,,,,17427
,,,,17478
,,,,17502
,,,,17518
,,,,17550
,,,,17572
,,,,17615
,,,,17639
,,,,17676
,,,,17678
,,,,17721
,,,,17745
,,,,17746
,,,,17747
,,,,17766
,,,,17850
,,,,17858
,,,,17865
,,,,17944
,,,,17977
,,,,17999
,,,,18027
,,,,18028
,,,,18032
,,,,18060
,,,,18083
,,,,18086
,,,,18105
,,,,18115
,,,,18131
,,,,18167
,,,,18171
,,,,18176
,,,,18186
,,,,18252
,,,,18255
,,,,18348
,,,,18377
,,,,18395
,,,,18424
,,,,18486
,,,,18488
,,,,18508
,,,,18538
,,,,18555
,,,,18568
,,,,18647
,,,,18651
,,,,18657
,,,,18687
,,,,18693
,,,,18736
,,,,18744
,,,,18747
,,,,18756
,,,,18788
,,,,18803
,,,,18828
,,,,18859
,,,,18877
,,,,18981
,,,,18998
,,,,19011
,,,,19017
,,,,19018
,,,,19032
,,,,19072
,,,,19079
,,,,19086
,,,,19164
,,,,19170
,,,,19180
,,,,19185
,,,,19263
,,,,19269
,,,,19273
,,,,19374
,,,,19398
,,,,19488
,,,,19509
,,,,19512
,,,,19524
,,,,19542
,,,,19560
,,,,19648
,,,,19650
,,,,19655
,,,,19677
,,,,19684
,,,,19718
,,,,19732
,,,,19806
,,,,19816
,,,,19839
,,,,19854
,,,,19862
,,,,19872
,,,,19881
,,,,19891
,,,,19955
,,,,19960
,,,,19969
,,,,19983
,,,,19999
,,,,20014
,,,,20028
,,,,20102
,,,,20104
,,,,20132
,,,,20134
,,,,20148
,,,,20178
,,,,20233
,,,,20238
,,,,20262
,,,,20268
,,,,20270
,,,,20275
,,,,20429
,,,,20433
,,,,20451
,,,,20578
,,,,20599
,,,,20621
,,,,20622
,,,,20623
,,,,20624
,,,,20661
,,,,20675
,,,,20679
,,,,20703
,,,,20742
,,,,20759
,,,,20762
,,,,20799
,,,,20823
,,,,20931
,,,,20946
,,,,21034
,,,,21057
,,,,21058
,,,,21077
,,,,21123
,,,,21137
,,,,21194
,,,,21222
,,,,21234
,,,,21255
,,,,21302
,,,,21304
,,,,21305
,,,,21306
,,,,21333
,,,,21364
,,,,21365
,,,,21390
,,,,21431
,,,,21468
,,,,21518
,,,,21575
,,,,21597
,,,,21600
,,,,21614
,,,,21621
,,,,21622
,,,,21624
,,,,21627
,,,,21631
,,,,21637
,,,,21638
,,,,21639
,,,,21646
,,,,21648
,,,,21658
,,,,21691
,,,,21707
,,,,21721
,,,,21724
,,,,21727
,,,,21742
,,,,21762
,,,,21772
,,,,21785
,,,,21800
,,,,21801
,,,,21811
,,,,21846
,,,,21855
,,,,21910
,,,,21952
,,,,21974
,,,,21989
,,,,21998
,,,,22000
,,,,22018
,,,,22020
,,,,22021
,,,,22033
,,,,22051
,,,,22053
,,,,22088
,,,,22104
,,,,22120
,,,,22127
,,,,22162
,,,,22201
,,,,22205
,,,,22206
,,,,22225
,,,,22227
,,,,22255
,,,,22264
,,,,22295
,,,,22320
,,,,22323
,,,,22326
,,,,22329
,,,,22335
,,,,22346
,,,,22377
,,,,22388
,,,,22432
,,,,22444
,,,,22450
,,,,22468
,,,,22480
,,,,22498
,,,,22597
,,,,22624
,,,,22661
,,,,22747
,,,,22801
,,,,22813
,,,,22858
,,,,22879
,,,,22917
,,,,22918
,,,,22920
,,,,22987
,,,,22992
,,,,22993
,,,,22995
,,,,23012
,,,,23029
,,,,23042
,,,,23063
,,,,23064
,,,,23086
,,,,23120
,,,,23155
,,,,23185
,,,,23191
,,,,23248
,,,,23271
,,,,23277
,,,,23311
,,,,23323
,,,,23401
,,,,23403
,,,,23426
,,,,23438
,,,,23481
,,,,23525
,,,,23533
,,,,23557
,,,,23580
,,,,23587
,,,,23592
,,,,23593
,,,,23599
,,,,23604
,,,,23608
,,,,23611
,,,,23625
,,,,23635
,,,,23638
,,,,23644
,,,,23664
,,,,23683
,,,,23707
,,,,23709
,,,,23730
,,,,23731
,,,,23756
,,,,23758
,,,,23854
,,,,23868
,,,,23876
,,,,23896
,,,,23900
,,,,23929
,,,,23996
,,,,23997
,,,,24007
,,,,24023
,,,,24034
,,,,24076
,,,,24088
,,,,24095
,,,,24106
,,,,24130
,,,,24138
,,,,24197
,,,,24253
,,,,24334
,,,,24348
,,,,24349
,,,,24368
,,,,24370
,,,,24378
,,,,24382
,,,,24432
,,,,24506
,,,,24620
,,,,24642
,,,,24739
,,,,24769
,,,,24774
,,,,24780
,,,,24781
,,,,24794
,,,,24814
,,,,24862
,,,,24865
,,,,24872
,,,,24904
,,,,24910
,,,,24912
,,,,24914
,,,,24926
,,,,25000
,,,,25006
,,,,25046
,,,,25047
,,,,25049
,,,,25062
,,,,25088
,,,,25096
,,,,25135
,,,,25207
,,,,25217
,,,,25218
,,,,25234
,,,,25244
,,,,25249
,,,,25273
,,,,25276
,,,,25317
,,,,25350
,,,,25352
,,,,25413
,,,,25429
,,,,25433
,,,,25437
,,,,25440
,,,,25450
,,,,25455
,,,,25459
,,,,25460
,,,,25471
,,,,25489
,,,,25494
,,,,25505
,,,,25511
,,,,25513
,,,,25517
,,,,25521
,,,,25528
,,,,25549
,,,,25552
,,,,25563
,,,,25565
,,,,25572
,,,,25577
,,,,25583
,,,,25587
,,,,25598
,,,,25606
,,,,25611
,,,,25613
,,,,25614
,,,,25617
,,,,25621
,,,,25624
,,,,25626
,,,,25647
,,,,25658
,,,,25660
,,,,25673
,,,,25677
,,,,25687
,,,,25688
,,,,25690
,,,,25703
,,,,25708
,,,,25710
,,,,25714
,,,,25718
,,,,25720
,,,,25721
,,,,25726
,,,,25728
,,,,25731
,,,,25757
,,,,25785
,,,,25793
,,,,25810
,,,,25844
,,,,25855
,,,,25859
,,,,25878
,,,,25879
,,,,25881
,,,,25886
,,,,25889
,,,,25904
,,,,25906
,,,,25907
,,,,25910
,,,,25912
,,,,25913
,,,,25916
,,,,25919
,,,,25930
,,,,25936
,,,,25947
,,,,25979
,,,,25996
,,,,26013
,,,,26022
,,,,26028
,,,,26060
,,,,26062
,,,,26065
,,,,26069
,,,,26078
,,,,26110
,,,,26111
,,,,26144
,,,,26149
,,,,26151
,,,,26163
,,,,26211
,,,,26217
,,,,26256
,,,,26270
,,,,26305
,,,,26313
,,,,26319
,,,,26424
,,,,26447
,,,,26455
,,,,26456
,,,,26461
,,,,26464
,,,,26504
,,,,26526
,,,,26527
,,,,26530
,,,,26571
,,,,26606
,,,,26609
,,,,26625
,,,,26645
,,,,26664
,,,,26681
,,,,26690
,,,,26729
,,,,26730
,,,,26735
,,,,26767
,,,,26801
,,,,26822
,,,,26828
,,,,26858
,,,,26873
,,,,26876
,,,,26882
,,,,26885
,,,,26894
,,,,26895
,,,,26918
,,,,26927
,,,,26936
,,,,26951
,,,,26966
,,,,26972
,,,,27002
,,,,27005
,,,,27046
,,,,27059
,,,,27074
,,,,27131
,,,,27143
,,,,27147
,,,,27213
,,,,27281
,,,,27294
,,,,27297
,,,,27299
,,,,27319
,,,,27382
,,,,27383
,,,,27384
,,,,27389
,,,,27409
,,,,27434
,,,,27455
,,,,27476
,,,,27509
,,,,27513
,,,,27527
,,,,27532
,,,,27561
,,,,27577
,,,,27579
,,,,27600
,,,,27603
,,,,27630
,,,,27632
,,,,27654
,,,,27670
,,,,27741
,,,,27752
,,,,27769
,,,,27798
,,,,27800
,,,,27804
,,,,27847
,,,,27865
,,,,27866
,,,,27870
,,,,27877
,,,,27879
,,,,27881
,,,,27890
,,,,27920
,,,,27923
,,,,27925
,,,,27942
,,,,27944
,,,,27945
,,,,27964
,,,,27970
,,,,27972
,,,,27982
,,,,27987
,,,,27996
,,,,27998
,,,,28001
,,,,28011
,,,,28027
,,,,28045
,,,,28048
,,,,28054
,,,,28077
,,,,28079
,,,,28083
,,,,28086
,,,,28087
,,,,28093
,,,,28095
,,,,28111
,,,,28133
,,,,28144
,,,,28153
,,,,28167
,,,,28169
,,,,28191
,,,,28209
,,,,28221
,,,,28245
,,,,28253
,,,,28254
,,,,28256
,,,,28272
,,,,28278
,,,,28280
,,,,28281
,,,,28282
,,,,28291
,,,,28292
,,,,28300
,,,,28308
,,,,28310
,,,,28311
,,,,28321
,,,,28368
,,,,28371
,,,,28373
,,,,28378
,,,,28396
,,,,28453
,,,,28472
,,,,28473
,,,,28487
,,,,28498
,,,,28512
,,,,28541
,,,,28580
,,,,28603
,,,,28606
,,,,28621
,,,,28628
,,,,28651
,,,,28655
,,,,28657
,,,,28677
,,,,28688
,,,,28690
,,,,28703
,,,,28706
,,,,28725
,,,,28735
,,,,28744
,,,,28759
,,,,28817
,,,,28821
,,,,28830
,,,,28833
,,,,28836
,,,,28842
,,,,28846
,,,,28849
,,,,28851
,,,,28854
,,,,28857
,,,,28863
,,,,28868
,,,,28869
,,,,28871
,,,,28877
,,,,28878
,,,,28881
,,,,28882
,,,,28883
,,,,28884
,,,,28887
,,,,28890
,,,,28892
,,,,28893
,,,,28896
,,,,28899
,,,,28903
,,,,28904
,,,,28905
,,,,28932
,,,,28948
,,,,28975
,,,,28977
,,,,28985
,,,,29000
,,,,29017
,,,,29027
,,,,29044
,,,,29077
,,,,29095
,,,,29140
,,,,29144
,,,,29148
,,,,29149
,,,,29167
,,,,29171
,,,,29179
,,,,29194
,,,,29197
,,,,29200
,,,,29218
,,,,29227
,,,,29253
,,,,29254
,,,,29260
,,,,29266
,,,,29272
,,,,29274
,,,,29284
,,,,29296
,,,,29311
,,,,29332
,,,,29353
,,,,29358
,,,,29362
,,,,29364
,,,,29366
,,,,29370
,,,,29377
,,,,29384
,,,,29386
,,,,29392
,,,,29399
,,,,29402
,,,,29405
,,,,29409
,,,,29420
,,,,29421
,,,,29422
,,,,29427
,,,,29439
,,,,29440
,,,,29445
,,,,29449
,,,,29466
,,,,29474
,,,,29477
,,,,29500
,,,,29511
,,,,29513
,,,,29518
,,,,29524
,,,,29527
,,,,29540
,,,,29541
,,,,29543
,,,,29545
,,,,29546
,,,,29553
,,,,29555
,,,,29557
,,,,29567
,,,,29585
,,,,29614
,,,,29628
,,,,29642
,,,,29645
,,,,29648
,,,,29666
,,,,29679
,,,,29686
,,,,29690
,,,,29692
,,,,29700
,,,,29705
,,,,29706
,,,,29708
,,,,29710
,,,,29711
,,,,29717
,,,,29721
,,,,29730
,,,,29733
,,,,29734
,,,,29736
,,,,29737
,,,,29738
,,,,29741
,,,,29742
,,,,29743
,,,,29744
,,,,29745
,,,,29747
,,,,29750
,,,,29751
,,,,29754
,,,,29755
,,,,29757
,,,,29760
,,,,29762
,,,,29764
,,,,29769
,,,,29771
,,,,29774
,,,,29779
,,,,29781
,,,,29784
,,,,29785
,,,,29791
,,,,29810
,,,,29870
